total_ids,intersection_ratio,method,method_display,expected_intersection_size,actual_intersection_size_mean,protocol_elapsed_ms_mean,protocol_elapsed_ms_std,end_to_end_elapsed_ms_mean,end_to_end_elapsed_ms_std,comm_bytes_mean,phase_map_ms_mean,phase_blind_ms_mean,phase_blind_a_ms_mean,phase_blind_b_ms_mean,phase_blind_back_ms_mean,phase_compare_ms_mean,correct_runs,total_runs,correct_rate,is_correct
1000,0.01,socket_ecdh,Socket ECDH PSI,10,10.0,165.6284000055166,0.0,1053.0915000053938,0.0,198044.0,0.0,0.0,68.29689999722177,116.29990000074031,48.63840000325581,0.10370000381954014,1,1,1.0,True
1500,0.01,socket_ecdh,Socket ECDH PSI,15,15.0,309.86549999943236,0.0,1228.6765000026207,0.0,297044.0,0.0,0.0,100.94100000424078,240.0839000038104,68.74530000641244,0.19949999841628596,1,1,1.0,True
2000,0.01,socket_ecdh,Socket ECDH PSI,20,20.0,316.3367000015569,0.0,1259.1544999959297,0.0,396044.0,0.0,0.0,135.87610000104178,224.64010000112467,90.33170000475366,0.22309999621938914,1,1,1.0,True
2500,0.01,socket_ecdh,Socket ECDH PSI,25,25.0,425.2538000000641,0.0,1452.1347999980208,0.0,495044.0,0.0,0.0,170.74700000375742,301.75710000185063,111.505799999577,0.2649000016390346,1,1,1.0,True
3000,0.01,socket_ecdh,Socket ECDH PSI,30,30.0,483.90560000552796,0.0,1493.3559999990393,0.0,594044.0,0.0,0.0,206.03709999704733,345.4305999985081,136.5111999984947,0.3066000062972307,1,1,1.0,True
3500,0.01,socket_ecdh,Socket ECDH PSI,35,35.0,645.1869000011357,0.0,1733.22090000147,0.0,693044.0,0.0,0.0,247.6133000018308,474.1991000046255,168.8639999993029,0.44520000665215775,1,1,1.0,True
4000,0.01,socket_ecdh,Socket ECDH PSI,40,40.0,646.027700000559,0.0,1710.8130999986315,0.0,792044.0,0.0,0.0,272.08450000034645,462.6741000029142,180.93460000091,0.41969999438151717,1,1,1.0,True
4500,0.01,socket_ecdh,Socket ECDH PSI,45,45.0,743.7247000052594,0.0,1855.034699998214,0.0,891044.0,0.0,0.0,304.8741999955382,524.831599999743,206.11169999756385,0.47539999650325626,1,1,1.0,True
5000,0.01,socket_ecdh,Socket ECDH PSI,50,50.0,817.7572000058717,0.0,1982.4691000030725,0.0,990044.0,0.0,0.0,346.54739999677986,572.9370999979437,231.6923999969731,0.6501000025309622,1,1,1.0,True
