total_ids,intersection_ratio,method,method_display,expected_intersection_size,actual_intersection_size_mean,protocol_elapsed_ms_mean,protocol_elapsed_ms_std,end_to_end_elapsed_ms_mean,end_to_end_elapsed_ms_std,comm_bytes_mean,phase_map_ms_mean,phase_blind_ms_mean,phase_blind_a_ms_mean,phase_blind_b_ms_mean,phase_blind_back_ms_mean,phase_compare_ms_mean,correct_runs,total_runs,correct_rate,is_correct
1000,0.01,socket_ecdh,Socket ECDH PSI,10,10.0,182.74733999998034,2.5286302489717625,1439.3896500000096,212.10947578741556,198044.0,0.0,0.0,76.69776000000184,129.54504000000497,52.40984000000708,0.1266600000121798,10,10,1.0,True
1500,0.01,socket_ecdh,Socket ECDH PSI,15,15.0,277.86032000000205,5.730405804065646,1425.3110400000196,213.90268359263527,297044.0,0.0,0.0,124.43331999999145,196.76956000001837,79.91887999997971,0.21900999996660175,10,10,1.0,True
2000,0.01,socket_ecdh,Socket ECDH PSI,20,20.0,364.2808900000091,7.096570825014859,1457.534510000005,131.36946152565216,396044.0,0.0,0.0,153.966319999995,258.64665999998806,104.15881000004674,0.2562400000101661,10,10,1.0,True
2500,0.01,socket_ecdh,Socket ECDH PSI,25,25.0,460.95448999998325,12.439769359996957,1886.6251100000002,721.0366406057345,495044.0,0.0,0.0,193.98127000000613,324.55688000001146,133.14885000003187,0.32081000000516724,10,10,1.0,True
3000,0.01,socket_ecdh,Socket ECDH PSI,30,30.0,545.6169400000135,8.360495457841274,1805.6451899999956,173.9531053725264,594044.0,0.0,0.0,231.2328599999887,386.30701999999246,155.5656300000237,0.37121999999953914,10,10,1.0,True
3500,0.01,socket_ecdh,Socket ECDH PSI,35,35.0,673.74666999998,71.76528047352315,1956.9022000000245,180.13707891054563,693044.0,0.0,0.0,281.1300600000209,467.4882000000025,202.37955000000056,0.4324100000076214,10,10,1.0,True
4000,0.01,socket_ecdh,Socket ECDH PSI,40,40.0,731.5914299999804,10.358908405052587,1992.6339100000064,90.64453182516426,792044.0,0.0,0.0,310.22789000003286,517.953209999996,210.8723299999724,0.4782900000009249,10,10,1.0,True
4500,0.01,socket_ecdh,Socket ECDH PSI,45,45.0,815.2220899999861,18.37998908349826,2137.450549999994,92.53295468158237,891044.0,0.0,0.0,347.7102499999887,574.8709800000142,233.90245999999024,0.7420100000103957,10,10,1.0,True
5000,0.01,socket_ecdh,Socket ECDH PSI,50,50.0,909.1023700000165,10.715259818723025,2296.8970700000227,88.738314736554,990044.0,0.0,0.0,383.78059000001485,645.5496700000367,258.85567999998784,0.7251900000142086,10,10,1.0,True
